[
    {"category": "indumentaria", "title": "Bufanda de Gryffindor", "id": 1, "stock": 10, "src": "products-image/bufanda-gryffindor.webp", "alt": "Gryffindor Scarf", "description": "Bufanda Original de Gryffindor", "price": 2200},
    {"category": "indumentaria", "title": "Bufanda de Slytherinn", "id": 2, "stock": 11, "src": "products-image/bufanda-slytherin.webp", "alt": "Slytherin Scarf", "description": "Bufanda Original de Slytherin", "price": 2200},
    {"category": "indumentaria", "title": "Bufanda de Hufflepuff", "id": 3, "stock": 12, "src": "products-image/bufanda-hufflepuff.webp", "alt": "Hufflepuff Scarf", "description": "Bufanda Original de Hufflepuff", "price": 2200},
    {"category": "indumentaria", "title": "Bufanda de Ravenclaw", "id": 4, "stock": 13, "src": "products-image/bufanda-ravenclaw.webp", "alt": "Ravenclaw Scarf", "description": "Bufanda Original de Ravenclaw", "price": 2200},
    {"category": "indumentaria", "title": "Camisa de Gryffindor", "id": 5, "stock": 14, "src": "products-image/gryffindor-camisa.webp", "alt": "Gryffindor shirt", "description": "Camisa Original de Gryffindor", "price": 3000},
    {"category": "indumentaria", "title": "Camisa de Slytherin", "id": 6, "stock": 14, "src": "products-image/slytherin-camisa.webp", "alt": "Slytherin shirt", "description": "Camisa Original de Slytherin", "price": 3000},
    {"category": "indumentaria", "title": "Camisa de Hufflepuff", "id": 7, "stock": 14, "src": "products-image/hufflepuff-camisa.webp", "alt": "Hufflepuff shirt", "description": "Camisa Original de Hufflepuff", "price": 3000},
    {"category": "indumentaria", "title": "Camisa de Ravenclaw", "id": 8, "stock": 14, "src": "products-image/ravenclaw-camisa.webp", "alt": "Ravenclaw shirt", "description": "Camisa Original de Ravenclaw", "price": 3000},
    {"category": "indumentaria", "title": "Sueter de Gryffindor", "id": 9, "stock": 14, "src": "products-image/sueter-gryffindor.webp", "alt": "Gryffindor sweater", "description": "Sueter Original de Gryffindor", "price": 3500},
    {"category": "indumentaria", "title": "Sueter de Slytherinn", "id": 10, "stock": 14, "src": "products-image/sueter-slytherin.webp", "alt": "Slytherinn sweater", "description": "Sueter Original de Slytherinn", "price": 3500},
    {"category": "indumentaria", "title": "Sueter de Hufflepuff", "id": 11, "stock": 14, "src": "products-image/sueter-hufflepuff.webp", "alt": "Hufflepuff sweater", "description": "Sueter Original de Hufflepuff", "price": 3500},
    {"category": "indumentaria", "title": "Sueter de Ravenclaw", "id": 12, "stock": 14, "src": "products-image/sueter-ravenclaw.webp", "alt": "Ravenclaw sweater", "description": "Sueter Original de Ravenclaw", "price": 3500},
    {"category": "varita", "title": "Varita de Lupín", "id": 40, "stock": 14, "src": "products-image/lupin-wand.webp", "alt": "Varita Remus Lupín", "description": "Varita de Lupin", "description1": "Hecha de madera de Ciprés con núcleo de Pelo de Unicornio, fue denominada como inflexible.", "price": 2390},
    {"category": "varita", "title": "Varita de Voldemort", "id": 41, "stock": 13, "src": "products-image/voldemort-wand.webp", "alt": "Varita de Lord Voldemort", "description": "Varita de Voldemort", "description1": "34 cm y cuarto de largo. La varita estaba hecha de tejo, con un núcleo de pluma de fénix. Fue fabricada por Garrick Ollivander y era la 'hermana' o 'gemela' de la varita de Harry Potter ya que ambas compartían plumas de la misma ave.", "price": 2390},
    {"category": "varita", "title": "Varita de Harry", "id": 42, "stock": 17, "src": "products-image/harry-wand.webp", "alt": "Varita de Harry James Potter Evans", "description": "Varita de Harry", "description1": "28 centímetros, y está hecha de acebo, con una pluma de fénix en su centro. Ésta fue donada por Fawkes, mascota de Albus Dumbledore.", "price": 2390},
    {"category": "varita", "title": "Varita de Hermione", "id": 43, "stock": 18, "src": "products-image/hermione-wand.webp", "alt": "Varita de Hermione Jean Granger", "description": "Varita de Hermione", "description1": "Hecha de vid, con núcleo de fibra de corazón de dragón y medía 27,3 cm. Se caracterizaba por ser flexible y buena para realizar hechizos.", "price": 2390},
    {"category": "varita", "title": "Varita de Ronald", "id": 44, "stock": 11, "src": "products-image/ron-wand.webp", "alt": "Varita de Ronald Bilius Weasley", "description": "Varita de Ronalad", "description1": "Hecha de madera de sauce y núcleo de pelo de unicornio. 30cm.","price": 2390},
    {"category": "varita", "title": "Varita de Sauco", "id": 45, "stock": 10, "src": "products-image/sauco-wand.webp", "alt": "Varita del Destino", "description": "Varita de Sauco", "description1": " es antigua y está fabricada de Saúco. Mide treinta y cuatro centímetros y medio de largo y su núcleo es un pelo de cola de Thestral, que es 'una sustancia que sólo aquellos que dominan la muerte pueden controlar', afirmación que, de forma comprensible, suscita, como mínimo, la interrogante de qué se debe entender por 'controlar la muerte' o, partiendo de la base que el origen de esta varita que se relata en El Cuento de los Tres Hermanos sea absolutamente ficticio, por qué método sería posible para un ser humano llegar a controlar la muerte.", "price": 2390},
    {"category": "varita", "title": "Varita de Dumbledore", "id": 46, "stock": 10, "src": "products-image/dumbledore-wand.webp", "alt": "Varita Albus Percival Wulfruc Brian Dumbledore", "description": "Varita de Dumbledore", "description1": "Es posible que la varita de Dumbeldore esté hecha de madera de ébano, ya que sus características le quedan bien y porque su varita de utilería de película parece ser negra como el ébano.", "price": 2390},
    {"category": "varita", "title": "Varita de Draco", "id": 47, "stock": 8, "src": "products-image/draco-wand.webp", "alt": "Varita de Draco Malfoy", "description": "Varita de Draco", "description1": "25 cm. de largo, hecha de madera de espino, y tenía un núcleo de pelo de unicornio. La varita fue fabricada por Garrick Ollivander y fue descrita por él como “bastante elástica”.", "price": 2390},
    {"category": "varita", "title": "Varita de Newt'", "id": 48, "stock": 4, "src": "products-image/newt-wand.webp", "alt": "Varita Newton Scamander", "description": "Varita de Newt", "description1": "longitud desconocida, hecha de madera de fresno, y contenía elementos de núcleo hueso, junto con una concha que se colocaba en el mango de la varita. Estaba compuesta de arañazos, muecas y golpes producto de sus aventuras.", "price": 2390},
    {"category": "varita", "title": "Varita de Bellatrix", "id": 49, "stock": 14, "src": "products-image/bellatrix-wand.webp", "alt": "Varita Bellatrix Lastrange", "description": "Varita de Bellatrix", "description1": "Hecha de nogal, 32,38 cm, con núcleo de fibra de corazón de Dragón. Fue fabricada por Garrick Ollivander, quien la describió como 'inflexible'.", "price": 2390},
    {"category": "varita", "title": "Varita de Luna", "id": 50, "stock": 19, "src": "products-image/luna-wand.webp", "alt": "Varita de Luna Lovegood", "description": "Varita de Luna", "description1": "La madera, núcleo, flexibilidad y longitud son desconocidos, pero se puede deducir que es parecida a la anterior, debido a que la varita elige al mago por su personalidad. Fue fabricada por Ollivander después de ser rescatado junto a Luna y Griphook de la Mansión Malfoy.", "price": 2390},
    {"category": "varita", "title": "Varita de Neville", "id": 51, "stock": 17, "src": "products-image/neville-wand.webp", "alt": "Varita de Neville Longbottom", "description": "Varita de Neville", "description1": "Hecha de madera de Cerezo y Pelo de unicornio con una longitud y flexibilidad desconocidas. La varita fue fabricada por Garrick Ollivander.", "price": 2390},
    {"category": "estudiantil", "title": "Cuaderno de Gryffindor / Colección", "id": 120, "stock": 25, "src": "products-image/cuaderno-gryffindor.webp", "alt": "Cuaderno de Gryffindor", "description": "Gryffindor´s notebook", "description1": "Cuaderno de la casa de Gryffindor de Hogwarts - Inglaterra", "price": 1200},
    {"category": "estudiantil", "title": "Cuaderno de Hufflepuff / Colección", "id": 121, "stock": 22, "src": "products-image/cuaderno-hufflepuff2.webp", "alt": "Cuaderno de Hufflepuff", "description": "Hufflepuff´s notebook", "description1": "Cuaderno de la casa de Hufflepuff de Hogwarts - Inglaterra", "price": 1200},
    {"category": "estudiantil", "title": "Cuaderno de Ravenclaw / Colección", "id": 122, "stock": 22, "src": "products-image/cuaderno-ravenclaw.webp", "alt": "Cuaderno de Ravenclaw", "description": "Ravenclaw´s notebook", "description1": "Cuaderno de la casa de Ravenclaw de Hogwarts - Inglaterra", "price": 1200},
    {"category": "estudiantil", "title": "Cuaderno de Slytherin / Colección", "id": 123, "stock": 18, "src": "products-image/cuaderno-slytherin.webp", "alt": "Cuaderno de Slytherin", "description": "Slytherin´s notebook", "description1": "Cuaderno de la casa de Slytherin de Hogwarts - Inglaterra", "price": 1200},
    {"category": "estudiantil", "title": "Cuaderno de escudo de Hogwarts", "id": 124, "stock": 20, "src": "products-image/cuaderno-escudo.webp", "alt": "Cuaderno de escudo de Hogwarts", "description": "Hogwarts shield notebook", "description1": "Cuaderno del escudo de Hogwarts - Inglaterra", "price": 1459},
    {"category": "estudiantil", "title": "Cuaderno de Hufflepuff", "id": 125, "stock": 15, "src": "products-image/cuaderno-huffleúff.webp", "alt": "Cuaderno de Hufflepuff", "description": "Badger´s notebook", "description1": "Cuaderno de la casa de Hufflepuff de Hogwarts - Inglaterra", "price": 1200},
    {"category": "estudiantil", "title": "Cuaderno de los cuentos de Beedle el Bardo", "id": 126, "stock": 18, "src": "products-image/cuaderno-reliquias.webp", "alt": "Cuaderno de los cuentos de Beedle el Bardo", "description": "Peverell´s notebook", "description1": "Cuaderno con ocación de los cuentos de Beedle el Bardo", "price": 1200},
    {"category": "estudiantil", "title": "Cuaderno del mapa del merodeador", "id": 127, "stock": 20, "src": "products-image/cuaderno-merodeador.webp", "alt": "Cuaderno del mapa del merodeador", "description": "Map´s notebook", "description1": "Cuaderno del mapa del merodeador - Hogwarts", "price": 1459}

]